City_ID,City,Country,Lat,Lng,Max Temp,Humidity,Cloudiness,Wind Speed,Current Description
0,Tumpat,MY,6.1978,102.171,78.78,83,20,2.3,few clouds
1,Constitucion,CL,-35.3333,-72.4167,63.48,65,18,2.37,few clouds
2,Wellington,NZ,-41.2866,174.7756,50.58,97,100,27.63,light rain
3,Saint-Philippe,RE,-21.3585,55.7679,67.59,78,44,11.72,scattered clouds
4,Tuatapere,NZ,-46.1333,167.6833,35.46,94,45,3.85,scattered clouds
5,Punta Arenas,CL,-53.15,-70.9167,48.31,43,20,25.32,few clouds
6,Manggar,ID,-2.8833,108.2667,78.4,85,100,5.5,heavy intensity rain
7,Pietarsaari,FI,63.65,22.6833,45.9,90,100,12.3,overcast clouds
8,Vaini,TO,-21.2,-175.2,73.56,78,75,8.05,broken clouds
9,Ripoll,ES,42.2006,2.1903,62.58,77,2,1.01,clear sky
10,Hobyo,SO,5.3505,48.5268,76.55,87,89,22.01,overcast clouds
11,Kapaa,US,22.0752,-159.319,81.48,87,20,5.75,few clouds
12,Alofi,NU,-19.0595,-169.9187,71.49,83,43,19.06,scattered clouds
13,Burnie,AU,-41.0667,145.9167,44.92,81,8,5.86,clear sky
14,Hobart,AU,-42.8794,147.3294,44.46,87,20,5.75,few clouds
15,Jieshi,CN,22.8134,115.8257,79.27,85,8,9.35,clear sky
16,Rikitea,PF,-23.1203,-134.9692,73.6,73,34,12.8,scattered clouds
17,Jamestown,US,42.097,-79.2353,61.02,52,0,14.97,clear sky
18,San Pedro,PH,14.35,121.0167,81.63,79,20,2.3,few clouds
19,Taoudenni,ML,22.6783,-3.9836,93.63,15,1,7.9,clear sky
20,Mangai,CD,-4.05,19.5333,71.67,92,100,0.47,light rain
21,Mahebourg,MU,-20.4081,57.7,71.89,68,75,14.97,broken clouds
22,Ilulissat,GL,69.2167,-51.1,29.21,76,72,3.4,broken clouds
23,Sanchursk,RU,56.9413,47.2499,53.91,94,100,15.7,overcast clouds
24,Upernavik,GL,72.7868,-56.1549,22.69,85,23,4.83,few clouds
25,Annau,TM,37.8876,58.516,65.7,30,20,0.0,few clouds
26,Yatou,CN,37.15,122.3833,65.98,88,100,14.07,moderate rain
27,Mar Del Plata,AR,-38.0023,-57.5575,68.02,53,0,11.5,clear sky
28,Hermanus,ZA,-34.4187,19.2345,57.79,75,100,9.98,overcast clouds
29,Butaritari,KI,3.0707,172.7902,81.7,75,100,15.14,light rain
30,Ust-Tsilma,RU,65.441,52.1498,39.97,97,100,6.51,overcast clouds
31,Clyde River,CA,70.4692,-68.5914,32.23,74,100,13.8,overcast clouds
32,Gobabis,NA,-22.45,18.9667,76.6,17,1,11.5,clear sky
33,Busselton,AU,-33.65,115.3333,54.54,86,79,15.28,broken clouds
34,Mataura,NZ,-46.1927,168.8643,33.55,97,21,1.77,few clouds
35,Barrow,US,71.2906,-156.7887,28.42,74,100,13.8,overcast clouds
36,Atar,MR,20.5169,-13.0499,87.15,23,0,9.55,clear sky
37,Ushuaia,AR,-54.8,-68.3,44.26,61,40,26.46,scattered clouds
38,Matara,LK,5.9485,80.5353,78.49,85,79,13.98,broken clouds
39,Dekar,BW,-21.5333,21.9333,77.92,19,0,7.94,clear sky
40,Prince Rupert,CA,54.3161,-130.3201,58.69,85,100,26.46,overcast clouds
41,Labytnangi,RU,66.6572,66.4183,30.87,75,100,8.34,overcast clouds
42,Djougou,BJ,9.7085,1.666,72.03,95,100,4.54,moderate rain
43,Yellowknife,CA,62.456,-114.3525,55.92,76,75,10.36,broken clouds
44,Tiksi,RU,71.6872,128.8694,16.88,91,99,11.97,overcast clouds
45,Deer Lake,CA,49.1667,-57.4316,55.26,82,100,8.05,overcast clouds
46,Qaanaaq,GL,77.484,-69.3632,9.84,73,0,6.24,clear sky
47,Hilo,US,19.7297,-155.09,86.29,58,0,4.61,clear sky
48,Nikolskoye,RU,59.7035,30.7861,42.69,91,100,2.28,overcast clouds
49,Mikhaylovsk,RU,45.1283,42.0256,66.42,55,0,7.0,clear sky
50,Codrington,AU,-38.2667,141.9667,44.01,88,0,5.23,clear sky
51,Ubon Ratchathani,TH,15.1667,105.1667,76.89,94,100,5.17,light rain
52,Bethel,US,41.3712,-73.414,60.89,55,100,12.66,overcast clouds
53,Husavik,IS,66.0449,-17.3389,45.99,94,100,16.64,overcast clouds
54,Zhaoqing,CN,23.0512,112.4597,75.52,93,76,2.62,broken clouds
55,Cape Town,ZA,-33.9258,18.4232,61.27,72,0,16.11,clear sky
56,Victoria,HK,22.2855,114.1577,83.32,86,9,11.01,clear sky
57,Nanortalik,GL,60.1432,-45.2371,40.84,77,53,2.3,broken clouds
58,Avarua,CK,-21.2078,-159.775,73.45,49,100,5.75,overcast clouds
59,Kruisfontein,ZA,-34.0033,24.7314,58.89,80,99,2.37,overcast clouds
60,Hope,US,33.6671,-93.5916,75.97,20,1,6.13,clear sky
61,Pisco,PE,-13.7,-76.2167,68.05,60,0,8.05,clear sky
62,Camopi,GF,3.1655,-52.3158,90.86,41,100,3.33,overcast clouds
63,Port Alfred,ZA,-33.5906,26.891,62.85,73,11,0.11,few clouds
64,Puerto Ayora,EC,-0.7393,-90.3518,73.36,92,98,5.01,overcast clouds
65,Soloneshnoye,RU,51.6544,84.3197,18.05,95,43,4.45,scattered clouds
66,Souillac,MU,-20.5167,57.5167,71.98,68,75,14.97,broken clouds
67,Ancud,CL,-41.8697,-73.8203,56.17,53,100,2.28,overcast clouds
68,Taltal,CL,-25.4,-70.4833,64.06,64,24,6.87,few clouds
69,Torbay,CA,47.6666,-52.7314,64.58,55,75,19.57,broken clouds
70,Faanui,PF,-16.4833,-151.75,77.77,70,15,9.17,few clouds
71,Camacha,PT,33.0833,-16.3333,69.22,68,40,14.97,scattered clouds
72,Arraial Do Cabo,BR,-22.9661,-42.0278,75.16,68,0,18.41,clear sky
73,Jaisalmer,IN,26.9147,70.9181,85.24,36,0,12.3,clear sky
74,Santa Cruz Del Norte,CU,23.1539,-81.9236,80.83,62,100,12.88,overcast clouds
75,Damghan,IR,36.1683,54.348,65.07,56,2,5.01,clear sky
76,Paamiut,GL,61.994,-49.6678,36.18,95,100,10.49,light rain
77,Dikson,RU,73.5069,80.5464,33.71,99,100,15.66,overcast clouds
78,Castro,BR,-24.7911,-50.0119,68.85,70,53,6.69,broken clouds
79,Mhasla,IN,18.1333,73.1167,76.44,93,100,3.33,overcast clouds
80,Jinsha,CN,32.0898,121.0735,74.98,93,42,10.2,scattered clouds
81,Baykalsk,RU,51.5058,104.1469,29.39,69,78,9.78,broken clouds
82,Tasiilaq,GL,65.6145,-37.6368,36.25,98,100,4.16,overcast clouds
83,Tiznit,MA,29.5833,-9.5,72.97,44,98,3.96,overcast clouds
84,Avera,US,33.194,-82.5271,76.51,42,73,7.38,broken clouds
85,Kodiak,US,57.79,-152.4072,40.51,87,100,5.75,overcast clouds
86,Ribeira Grande,PT,38.5167,-28.7,73.8,83,75,21.85,broken clouds
87,Provideniya,RU,64.3833,-173.3,38.37,84,81,17.52,broken clouds
88,Hovd,MN,48.0056,91.6419,23.4,37,88,1.81,overcast clouds
89,Seondha,IN,26.1578,78.7797,81.43,55,0,2.15,clear sky
90,Kamina,CD,-8.7386,24.9906,75.02,42,91,1.79,overcast clouds
91,Hongjiang,CN,27.11,109.9956,74.16,92,22,3.78,few clouds
92,Georgetown,MY,5.4112,100.3354,78.73,87,40,3.44,scattered clouds
93,Samaipata,BO,-18.15,-63.8667,68.88,42,66,7.94,broken clouds
94,Korla,CN,41.7597,86.1469,53.91,30,100,12.35,overcast clouds
95,Parana,AR,-31.732,-60.5238,82.54,31,0,3.33,clear sky
96,Baiao,BR,-2.7906,-49.6717,93.2,39,98,4.32,overcast clouds
97,North Bend,US,43.4065,-124.2243,76.91,69,0,14.97,clear sky
98,Progreso,MX,21.2833,-89.6667,87.91,51,2,9.82,clear sky
99,Cidreira,BR,-30.1811,-50.2056,65.28,72,82,12.95,broken clouds
100,Kavieng,PG,-2.5744,150.7967,80.71,80,9,12.24,light rain
101,Mandalgovi,MN,45.7625,106.2708,37.29,54,100,15.12,overcast clouds
102,Geraldton,AU,-28.7667,114.6,52.21,93,29,5.75,scattered clouds
103,Norman Wells,CA,65.282,-126.8329,50.04,81,100,11.5,light rain
104,Cayenne,GF,4.9333,-52.3333,89.64,58,0,17.27,clear sky
105,Saint-Pierre,RE,-21.3393,55.4781,67.68,75,20,6.91,few clouds
106,Nishihara,JP,26.1842,127.7558,78.85,86,40,5.75,scattered clouds
107,Lompoc,US,34.6391,-120.4579,76.01,83,100,5.75,overcast clouds
108,Tura,IN,25.5198,90.2201,75.16,93,81,3.27,broken clouds
109,Vardo,NO,70.3705,31.1107,37.38,81,100,2.3,overcast clouds
110,Arlit,NE,18.7369,7.3853,90.64,30,100,12.26,overcast clouds
111,Talcahuano,CL,-36.7167,-73.1167,64.08,63,0,6.91,clear sky
112,Deputatskiy,RU,69.3,139.9,3.61,97,86,4.47,overcast clouds
113,Atuona,PF,-9.8,-139.0333,76.26,76,18,16.06,few clouds
114,Russell,US,32.3502,-85.1999,81.91,32,0,12.66,clear sky
115,Tongliao,CN,43.6125,122.2653,55.87,92,100,8.75,overcast clouds
116,Yoichi,JP,43.2039,140.7703,62.85,90,80,7.11,broken clouds
117,Zaliznychne,UA,45.7489,28.6147,70.21,60,100,11.43,overcast clouds
118,Alausi,EC,-2.2,-78.8333,58.6,61,73,2.86,broken clouds
119,Hamilton,US,39.1834,-84.5333,75.25,41,1,7.0,clear sky
120,Thompson,CA,55.7435,-97.8558,48.36,46,0,6.91,clear sky
121,Bereda,ES,43.2686,-7.5406,61.14,89,24,2.33,few clouds
122,Shimoda,JP,34.6667,138.95,71.01,78,15,8.46,few clouds
123,Penarth,GB,51.4394,-3.1761,61.32,82,75,17.27,broken clouds
124,Bell Ville,AR,-32.6259,-62.6887,83.66,18,32,7.11,scattered clouds
125,Urla,TR,38.3229,26.764,77.4,50,4,5.99,clear sky
126,Huadian,CN,42.9633,126.7478,57.4,94,100,4.16,overcast clouds
127,Goderich,CA,43.7501,-81.7165,67.91,55,100,10.36,overcast clouds
128,Mehamn,NO,71.0357,27.8492,40.91,93,100,0.0,overcast clouds
129,Madera,US,37.1666,-119.8343,91.87,22,0,3.0,clear sky
130,Mukhen,RU,48.1,136.1,41.95,93,13,3.78,few clouds
131,Ingleside,US,27.8778,-97.2117,86.22,41,0,9.22,clear sky
132,Gizo,SB,-8.103,156.8419,80.92,75,27,4.34,light rain
133,Bull Savanna,JM,17.8868,-77.5902,81.07,71,100,5.88,overcast clouds
134,Hithadhoo,MV,-0.6,73.0833,81.61,72,99,13.33,overcast clouds
135,Gondanglegi,ID,-7.7479,112.0132,75.43,92,100,8.46,overcast clouds
136,Khutar,IN,28.2,80.2833,75.87,74,0,3.36,clear sky
137,Rosarito,MX,32.3333,-117.0333,77.25,64,2,7.76,clear sky
138,Port Hardy,CA,50.6996,-127.4199,50.18,100,100,3.44,mist
139,Keetmanshoop,NA,-26.5833,18.1333,81.37,9,0,0.54,clear sky
140,Severo-Kurilsk,RU,50.6789,156.125,44.91,82,100,14.52,overcast clouds
141,Laguna,US,38.421,-121.4238,86.31,51,0,3.0,clear sky
142,Makakilo City,US,21.3469,-158.0858,81.99,70,0,0.0,clear sky
143,Upata,VE,8.0086,-62.3989,87.19,54,95,5.08,overcast clouds
144,Loreto,MX,22.2667,-101.9667,75.63,14,12,10.49,few clouds
145,Caravelas,BR,-17.7125,-39.2481,74.84,65,86,8.28,overcast clouds
146,Bluff,NZ,-46.6,168.3333,39.76,88,79,7.31,broken clouds
147,Kavaratti,IN,10.5669,72.642,81.41,76,97,16.37,overcast clouds
148,Menongue,AO,-14.6585,17.691,72.66,18,8,5.75,clear sky
149,Tuktoyaktuk,CA,69.4541,-133.0374,32.0,86,100,8.05,overcast clouds
150,Dunedin,NZ,-45.8742,170.5036,43.81,79,34,2.86,scattered clouds
151,Tarija,BO,-21.5355,-64.7296,76.91,27,22,6.91,few clouds
152,Lakes Entrance,AU,-37.8811,147.981,39.16,90,10,4.34,clear sky
153,Dali,CN,25.7,100.1833,60.03,93,28,1.72,scattered clouds
154,Labuhan,ID,-6.8844,112.2051,79.05,80,100,8.05,overcast clouds
155,Port Elizabeth,ZA,-33.918,25.5701,61.32,91,20,5.75,few clouds
156,Aklavik,CA,68.2191,-135.0107,31.75,97,100,12.57,overcast clouds
157,Christchurch,NZ,-43.5333,172.6333,47.91,95,75,3.44,broken clouds
158,Amazar,RU,53.858,120.875,33.37,96,8,5.19,clear sky
159,Nizhniy Kuranakh,RU,58.8353,125.4869,33.04,98,100,2.57,light snow
160,Manaure,CO,11.7751,-72.4445,88.25,59,87,5.35,overcast clouds
161,Bengkulu,ID,-3.8004,102.2655,74.8,93,100,3.11,overcast clouds
162,Acapulco,MX,16.8634,-99.8901,84.04,73,27,5.99,scattered clouds
163,Anisoc,GQ,1.8658,10.7689,70.02,99,100,0.92,moderate rain
164,Lebu,CL,-37.6167,-73.65,57.04,68,0,12.3,clear sky
165,Mwinilunga,ZM,-11.7358,24.4293,67.32,36,7,2.21,clear sky
166,Turukhansk,RU,65.8167,87.9833,29.79,80,100,6.44,overcast clouds
167,Atbasar,KZ,51.8,68.3333,30.63,49,5,6.69,clear sky
168,Komsomolskiy,UZ,40.4272,71.7189,63.32,42,97,2.3,overcast clouds
169,Moindou,NC,-21.6924,165.677,68.58,72,100,0.31,overcast clouds
170,Erdenet,MN,49.0333,104.0833,23.11,79,98,5.06,overcast clouds
171,Rawson,AR,-43.3002,-65.1023,57.72,43,10,13.31,clear sky
172,Varkkallai,IN,8.7341,76.7067,82.18,86,100,6.06,overcast clouds
173,Mount Gambier,AU,-37.8333,140.7667,46.04,96,5,3.6,clear sky
174,Carnarvon,AU,-24.8667,113.6333,66.51,74,0,19.53,clear sky
175,Grandview,US,38.8858,-94.533,78.98,37,0,8.05,clear sky
176,Saskylakh,RU,71.9167,114.0833,31.75,98,100,9.04,overcast clouds
177,Aleksinac,RS,43.5417,21.7078,64.96,94,100,3.42,overcast clouds
178,Aviles,ES,43.5547,-5.9248,66.92,85,75,3.44,broken clouds
179,Sitka,US,57.0531,-135.33,52.54,77,94,7.43,light rain
180,Fortuna,US,40.5982,-124.1573,55.74,42,100,5.55,overcast clouds
181,Tooele,US,40.5308,-112.2983,66.24,51,0,6.91,clear sky
182,Ahipara,NZ,-35.1667,173.1667,59.02,94,99,6.96,overcast clouds
183,Albany,US,42.6001,-73.9662,62.92,58,98,2.55,overcast clouds
184,Praia Da Vitoria,PT,38.7333,-27.0667,73.76,78,20,17.36,few clouds
185,Huaihua,CN,27.5494,109.9592,75.25,82,37,4.36,scattered clouds
186,Katsuura,JP,35.1333,140.3,69.98,83,9,11.03,clear sky
187,Clyde,US,41.3042,-82.9752,64.9,60,100,15.7,overcast clouds
188,Killybegs,IE,54.6333,-8.45,55.11,74,18,20.69,few clouds
189,Maloy,NO,61.9353,5.1136,52.74,51,22,13.94,few clouds
190,Iqaluit,CA,63.7506,-68.5145,33.53,69,75,26.46,broken clouds
191,Quelimane,MZ,-17.8786,36.8883,75.15,88,0,7.0,clear sky
192,Meulaboh,ID,4.1363,96.1285,77.65,85,100,7.76,overcast clouds
193,Vila Velha,BR,-20.3297,-40.2925,76.95,75,40,10.36,scattered clouds
194,La Rioja,ES,42.25,-2.5,58.78,61,18,6.51,few clouds
195,Ahuimanu,US,21.4447,-157.8378,83.17,71,40,6.91,scattered clouds
196,Lorengau,PG,-2.0226,147.2712,80.94,79,21,10.07,few clouds
197,Coihaique,CL,-45.5752,-72.0662,58.95,33,0,4.61,clear sky
198,Stege,DK,54.987,12.2846,54.09,87,8,16.53,clear sky
199,Sakakah,SA,29.9697,40.2064,83.77,17,0,4.21,clear sky
200,Marsa Matruh,EG,31.3525,27.2453,82.6,74,0,5.75,clear sky
201,Muravlenko,RU,63.7898,74.523,27.72,71,31,12.06,scattered clouds
202,Sorland,NO,67.667,12.6934,51.66,68,100,12.88,overcast clouds
203,Bodden Town,KY,19.2833,-81.25,87.8,58,20,11.5,few clouds
204,Rubizhne,UA,49.0123,38.3797,68.61,58,100,7.14,overcast clouds
205,Crossville,US,35.949,-85.0269,65.08,66,75,12.66,broken clouds
206,Lamar,US,33.6668,-95.5836,85.98,29,0,5.97,clear sky
207,Yar-Sale,RU,66.8333,70.8333,32.49,72,99,13.8,overcast clouds
208,Gigmoto,PH,13.7796,124.39,81.34,85,95,11.59,overcast clouds
209,Salinas,US,36.6777,-121.6555,63.48,81,100,9.22,overcast clouds
210,San Cristobal,VE,7.7669,-72.225,84.38,51,36,10.11,scattered clouds
211,Trairi,BR,-3.2778,-39.2689,82.49,63,21,16.24,few clouds
212,Touros,BR,-5.1989,-35.4608,80.96,65,20,17.74,few clouds
213,Kumba,CM,4.6363,9.4469,72.14,98,100,1.48,light rain
214,Kameshkovo,RU,56.3481,41.0047,53.98,98,83,5.61,broken clouds
215,Kamaishi,JP,39.2667,141.8833,65.1,72,0,3.89,clear sky
216,Myitkyina,MM,25.3833,97.4,76.86,87,100,1.12,overcast clouds
217,Aykhal,RU,66.0,111.5,19.47,97,100,5.95,overcast clouds
218,Rio Verde De Mato Grosso,BR,-18.9181,-54.8442,92.16,35,6,6.78,clear sky
219,Celestun,MX,20.8667,-90.4,82.38,51,27,6.76,scattered clouds
220,Guerrero Negro,MX,27.9769,-114.0611,74.61,62,2,13.8,clear sky
221,Leningradskiy,RU,69.3833,178.4167,26.29,80,100,9.17,overcast clouds
222,Hurghada,EG,27.2574,33.8129,95.04,24,0,11.5,clear sky
223,Mayo,US,38.8876,-76.5119,65.17,92,100,5.01,overcast clouds
224,Srednekolymsk,RU,67.45,153.6833,25.07,91,100,7.34,overcast clouds
225,Lenoir,US,35.2335,-77.6497,74.14,69,35,12.57,scattered clouds
226,Kudahuvadhoo,MV,2.6708,72.8944,82.45,75,100,17.38,overcast clouds
227,Dingle,PH,10.9995,122.6711,76.1,93,28,6.49,scattered clouds
228,Mount Isa,AU,-20.7333,139.5,69.57,49,75,0.0,broken clouds
229,Broken Hill,AU,-31.95,141.4333,54.61,66,0,9.91,clear sky
230,Riyadh,SA,24.6877,46.7219,84.34,15,0,6.29,clear sky
231,Savelugu,GH,9.6244,-0.8253,76.95,78,19,4.52,few clouds
232,Sanchor,IN,24.7553,71.7722,80.62,66,0,8.57,clear sky
233,Saint George,US,37.1041,-113.5841,83.43,28,0,3.0,clear sky
234,Isangel,VU,-19.55,169.2667,75.25,88,21,0.94,few clouds
235,Cherskiy,RU,68.75,161.3,29.3,98,100,2.77,light snow
236,Nicoya,CR,10.1483,-85.452,80.49,81,100,2.55,overcast clouds
237,Narsaq,GL,60.9167,-46.05,38.35,94,100,3.85,light rain
238,Baghdad,IQ,33.3406,44.4009,78.71,27,0,2.3,clear sky
239,Ponta Do Sol,PT,32.6667,-17.1,74.01,83,79,4.18,broken clouds
240,Krasnyy Chikoy,RU,50.3643,108.7512,24.04,90,97,2.82,overcast clouds
241,San Ramon,US,37.7799,-121.978,76.66,62,14,1.99,few clouds
242,Boca Do Acre,BR,-8.7522,-67.3978,94.84,34,100,3.74,overcast clouds
243,Port Macquarie,AU,-31.4333,152.9167,51.89,82,27,6.67,scattered clouds
244,Moundsville,US,39.9203,-80.7431,52.88,93,100,5.01,light rain
245,Zheleznodorozhnyy,RU,55.7503,38.0042,59.22,95,100,8.95,light rain
246,Fairbanks,US,64.8378,-147.7164,49.23,86,99,3.94,overcast clouds
247,Inuvik,CA,68.3499,-133.7218,33.01,93,100,10.36,overcast clouds
248,Eydhafushi,MV,5.1033,73.0708,82.26,77,100,19.39,overcast clouds
249,Arman,RU,59.7,150.1667,30.54,63,94,8.93,overcast clouds
250,Sumter,US,28.7086,-82.0831,85.19,56,3,5.68,clear sky
251,Micheweni,TZ,-4.9667,39.8333,74.91,73,8,11.65,clear sky
252,Longyearbyen,SJ,78.2186,15.6401,35.44,93,75,4.61,broken clouds
253,Buala,SB,-8.145,159.5921,79.16,81,47,4.07,light rain
254,Hualmay,PE,-11.0964,-77.6139,67.82,70,16,11.54,few clouds
255,Coos Bay,US,43.3665,-124.2179,75.99,84,0,1.01,clear sky
256,Nhulunbuy,AU,-12.2333,136.7667,77.61,94,85,0.0,overcast clouds
257,Faya,SA,18.3851,42.4509,66.31,58,5,3.09,clear sky
258,Chuy,UY,-33.6971,-53.4616,63.14,66,8,9.62,clear sky
259,Bredasdorp,ZA,-34.5322,20.0403,54.36,85,100,4.38,overcast clouds
260,Klaksvik,FO,62.2266,-6.589,50.92,88,100,20.29,overcast clouds
261,Hoi An,VN,15.8794,108.335,78.76,91,100,4.7,overcast clouds
262,Petatlan,MX,17.5167,-101.2667,86.97,63,91,4.9,overcast clouds
263,Maracas,BR,-13.4411,-40.4308,73.51,60,39,10.4,scattered clouds
264,Dawei,MM,14.0833,98.2,76.51,94,100,2.53,light rain
265,Bubaque,GW,11.2833,-15.8333,81.45,76,63,11.97,broken clouds
266,Ongole,IN,15.5,80.05,77.29,82,100,7.25,overcast clouds
267,Soller,ES,39.7662,2.7152,73.02,68,58,1.01,broken clouds
268,Kaitangata,NZ,-46.2817,169.8464,37.0,90,14,1.81,few clouds
269,Ko Samui,TH,9.5357,99.9357,81.9,77,100,14.5,overcast clouds
270,Diffa,NE,13.3154,12.6113,92.17,31,0,7.29,clear sky
271,Shaki,AZ,41.0833,47.1667,68.04,45,4,7.27,clear sky
272,Poya,NC,-21.35,165.15,65.88,76,67,1.52,broken clouds
273,Novyy Svit,UA,47.8059,38.0211,66.11,68,100,6.93,overcast clouds
274,Sumbe,AO,-11.2061,13.8437,73.54,86,40,8.79,scattered clouds
275,Yeppoon,AU,-23.1333,150.7333,60.58,83,52,4.79,broken clouds
276,Nangwa,TZ,-4.4667,35.45,61.18,61,80,8.23,broken clouds
277,Olafsvik,IS,64.8945,-23.7142,46.96,90,100,13.02,overcast clouds
278,Necochea,AR,-38.5473,-58.7368,70.84,45,70,5.55,broken clouds
279,Vestmannaeyjar,IS,63.4427,-20.2734,47.84,90,100,27.49,overcast clouds
280,Pamulang,ID,-6.3428,106.7383,79.95,78,93,3.02,overcast clouds
281,Carlsbad,US,33.1581,-117.3506,79.79,68,40,5.75,scattered clouds
282,Talnakh,RU,69.4865,88.3972,29.21,97,100,5.41,light snow
283,Sao Borja,BR,-28.6606,-56.0044,76.95,53,0,6.17,clear sky
284,Rivadavia,AR,-33.1905,-68.4608,81.23,18,0,14.03,clear sky
285,Flin Flon,CA,54.7682,-101.865,49.84,71,100,5.75,overcast clouds
286,Kolokani,ML,13.5728,-8.0339,81.72,62,70,3.8,broken clouds
287,Grand Gaube,MU,-20.0064,57.6608,72.0,70,14,4.0,few clouds
288,Panaba,MX,21.2833,-88.2667,88.61,41,31,12.24,scattered clouds
289,Piotrkow Trybunalski,PL,51.4055,19.7032,54.1,10,100,13.78,overcast clouds
290,Burns Lake,CA,54.2331,-125.7533,58.42,49,5,5.79,clear sky
291,Comodoro Rivadavia,AR,-45.8667,-67.5,58.86,36,0,12.66,clear sky
292,Cheremukhovo,RU,60.3484,59.9851,32.86,86,100,3.74,overcast clouds
293,Denpasar,ID,-8.65,115.2167,80.26,94,40,4.61,scattered clouds
294,Loukhi,RU,66.0764,33.0381,36.52,91,97,4.07,overcast clouds
295,Khatanga,RU,71.9667,102.5,28.36,96,100,13.67,light snow
296,Port-Gentil,GA,-0.7193,8.7815,76.96,88,40,5.75,scattered clouds
297,Fuyang,CN,32.9,115.8167,81.93,52,10,7.16,clear sky
298,Mecca,SA,21.4267,39.8261,84.4,57,0,0.94,clear sky
299,Tanabe,JP,33.7333,135.3667,67.69,75,92,4.36,overcast clouds
300,Evensk,RU,61.95,159.2333,30.25,83,86,8.59,overcast clouds
301,Thinadhoo,MV,0.5333,72.9333,81.27,74,98,12.93,overcast clouds
302,Torbat-E Jam,IR,35.244,60.6225,62.46,23,0,13.82,clear sky
303,Sangmelima,CM,2.9333,11.9833,67.98,98,50,1.52,moderate rain
304,Sulina,RO,45.1559,29.6536,70.34,73,100,13.47,overcast clouds
305,New Norfolk,AU,-42.7826,147.0587,44.1,76,26,3.33,scattered clouds
306,East London,ZA,-33.0153,27.9116,59.94,94,0,4.61,clear sky
307,Da Lat,VN,11.9465,108.4419,61.5,98,100,0.02,overcast clouds
308,Te Anau,NZ,-45.4167,167.7167,35.06,98,97,2.01,overcast clouds
309,La Asuncion,VE,11.0333,-63.8628,89.33,62,100,14.97,overcast clouds
310,Itaituba,BR,-4.2761,-55.9836,96.96,46,40,8.05,scattered clouds
311,Chapais,CA,49.7834,-74.8492,42.58,53,99,9.73,overcast clouds
312,Axim,GH,4.8699,-2.2405,75.63,90,28,7.52,scattered clouds
313,Yulara,AU,-25.2406,130.9889,56.86,79,100,7.9,overcast clouds
314,Butte,US,39.6499,-121.5677,86.99,37,0,5.7,clear sky
315,Altagracia De Orituco,VE,9.8601,-66.3814,81.72,71,100,3.42,overcast clouds
316,Saldanha,ZA,-33.0117,17.9442,59.05,80,25,15.05,scattered clouds
317,Petrivka,UA,46.9695,30.9591,69.1,64,98,11.16,overcast clouds
318,Urumqi,CN,43.801,87.6005,32.95,87,0,2.24,clear sky
319,Coahuayana,MX,18.7333,-103.6833,87.96,63,100,5.99,overcast clouds
320,Lukovetskiy,RU,64.2956,41.9211,42.96,96,100,4.14,overcast clouds
321,Roald,NO,62.5833,6.1333,55.17,93,75,4.61,broken clouds
322,Vao,NC,-22.6667,167.4833,70.41,73,100,11.03,overcast clouds
323,Buraydah,SA,26.326,43.975,79.27,14,0,10.8,clear sky
324,Shupiyan,IN,33.7167,74.8333,52.39,48,0,5.5,clear sky
325,Vitim,RU,59.4511,112.5578,28.35,73,100,3.85,overcast clouds
326,Grevenbroich,DE,51.091,6.5827,58.91,77,0,4.61,clear sky
327,Arawa,PG,-6.2132,155.5367,75.4,90,8,1.45,light rain
328,Kinablangan,PH,7.6947,126.5503,77.81,86,33,3.49,scattered clouds
329,Kihei,US,20.785,-156.4656,82.85,77,4,4.09,clear sky
330,Bonavista,CA,48.6499,-53.1147,61.57,64,99,12.26,overcast clouds
331,Noyabrsk,RU,63.1994,75.4507,28.69,74,9,10.22,clear sky
332,Egvekinot,RU,66.3167,-179.1667,23.41,80,100,7.34,overcast clouds
333,Gornyak,RU,50.9942,81.4661,28.67,88,11,4.99,few clouds
334,Lavrentiya,RU,65.5833,-171.0,36.32,74,70,18.01,broken clouds
335,Lipari,IT,38.4674,14.954,72.32,62,60,18.68,broken clouds
336,Korsakovo,RU,53.2677,37.3569,58.89,91,100,11.95,light rain
337,Kisangani,CD,0.5167,25.2,74.71,77,79,0.78,broken clouds
338,Moron,AR,-34.6534,-58.6198,78.8,47,89,2.68,overcast clouds
339,Kloulklubed,PW,7.0419,134.2556,84.13,70,97,10.71,heavy intensity rain
340,Cabedelo,BR,-6.9811,-34.8339,79.34,68,40,15.57,scattered clouds
341,Bandarbeyla,SO,9.4942,50.8122,77.97,78,100,16.82,overcast clouds
342,San Quintin,MX,30.4833,-115.95,71.6,65,0,11.16,clear sky
343,Bambous Virieux,MU,-20.3428,57.7575,71.85,64,75,12.66,broken clouds
344,Havre-Saint-Pierre,CA,50.2334,-63.5986,50.81,48,7,15.37,clear sky
345,Kharan,PK,28.5833,65.4167,81.43,15,0,0.85,clear sky
346,Cabo San Lucas,MX,22.8909,-109.9124,94.6,63,2,3.4,clear sky
347,Pahrump,US,36.2083,-115.9839,86.85,15,0,3.0,clear sky
348,Mushie,CD,-3.0167,16.9,76.53,80,73,3.89,light rain
349,Sambava,MG,-14.2667,50.1667,69.13,80,10,9.6,clear sky
350,Umm Lajj,SA,25.0213,37.2685,87.37,49,0,7.74,clear sky
351,Palmer,US,42.1584,-72.3287,59.59,79,100,6.64,overcast clouds
352,Esmeraldas,BR,-19.7625,-44.3139,82.67,45,100,1.3,overcast clouds
353,Bilibino,RU,68.0546,166.4372,27.63,92,100,1.28,overcast clouds
354,Markova,UA,48.6758,24.4138,59.27,75,100,5.21,overcast clouds
355,Belousovka,KZ,50.1339,82.5239,24.71,85,9,2.24,clear sky
356,Marsh Harbour,BS,26.5412,-77.0636,82.71,72,42,1.54,scattered clouds
357,Pevek,RU,69.7008,170.3133,32.81,83,100,6.38,overcast clouds
358,Boende,CD,-0.2167,20.8667,74.91,92,94,3.53,moderate rain
359,Teya,RU,60.3778,92.6267,26.78,95,100,2.62,overcast clouds
360,Esperance,AU,-33.8667,121.9,53.44,81,100,13.4,overcast clouds
361,Izyum,UA,49.2088,37.2485,64.81,65,100,3.67,overcast clouds
362,Lagoa,PT,39.05,-27.9833,71.38,82,100,20.89,overcast clouds
363,Barcelos,PT,41.5388,-8.6151,68.92,85,100,4.56,overcast clouds
364,Boat Of Garten,GB,57.2491,-3.759,48.36,78,8,11.07,clear sky
365,Zhezkazgan,KZ,47.8043,67.7144,37.06,30,0,10.18,clear sky
366,Smithers,CA,54.7804,-127.1743,64.76,58,93,4.23,overcast clouds
367,Junin,AR,-34.5838,-60.9433,81.9,24,100,4.56,overcast clouds
368,Clarksburg,US,39.2807,-80.3445,54.9,97,100,9.4,moderate rain
369,Tezu,IN,27.9167,96.1667,76.93,67,100,4.14,overcast clouds
370,Baykit,RU,61.67,96.37,27.34,87,100,3.33,overcast clouds
371,Farafangana,MG,-22.8167,47.8333,70.03,78,39,9.55,scattered clouds
372,Andenes,NO,69.3143,16.1194,41.94,75,3,10.36,clear sky
373,Mercedes,AR,-34.6515,-59.4307,80.85,24,99,4.74,overcast clouds
374,Trelaze,FR,47.45,-0.4667,64.72,89,75,13.8,broken clouds
375,Monastyrshchina,RU,54.3496,31.838,47.21,85,100,14.99,overcast clouds
376,Sisimiut,GL,66.9395,-53.6735,34.32,96,100,15.61,light snow
377,Namibe,AO,-15.1961,12.1522,66.61,87,77,5.46,broken clouds
378,Shieli,KZ,44.1667,66.75,47.14,23,0,20.42,clear sky
379,Turka,UA,49.1541,23.0297,54.14,95,100,7.45,overcast clouds
380,Hofn,IS,64.2539,-15.2082,46.9,93,100,7.05,overcast clouds
381,Westport,US,41.1415,-73.3579,61.09,93,100,11.99,overcast clouds
382,Ruteng,ID,-8.6136,120.4721,62.53,90,98,1.05,overcast clouds
383,Yuzhou,CN,34.1628,113.4639,68.09,91,86,9.26,overcast clouds
384,Chara,RU,56.9064,118.2631,27.68,82,100,6.58,overcast clouds
385,Sainte-Marie,RE,-20.8968,55.5496,68.16,84,50,10.36,scattered clouds
386,Rovaniemi,FI,66.5,25.7167,38.61,93,0,6.91,clear sky
387,Lae,PG,-6.7221,146.9847,74.86,70,39,6.11,scattered clouds
388,Tondano,ID,1.3038,124.9112,69.89,83,87,0.83,overcast clouds
389,Zhangjiakou,CN,40.81,114.8794,59.36,81,58,2.89,broken clouds
390,Alyangula,AU,-13.8483,136.4192,76.69,64,53,3.85,broken clouds
391,Parrita,CR,9.5201,-84.3225,78.57,86,100,8.32,overcast clouds
392,Valdivia,CL,-39.8142,-73.2459,67.48,37,5,3.15,clear sky
393,Tambura,SS,5.6,27.4667,73.94,79,50,1.41,scattered clouds
394,Dhidhdhoo,MV,6.8833,73.1,81.59,79,100,17.4,moderate rain
395,Bethanien,NA,-26.502,17.1583,76.66,7,0,6.51,clear sky
396,Broome,US,42.2506,-75.833,65.17,65,100,6.17,overcast clouds
397,Vanavara,RU,60.34,102.2797,27.59,73,100,4.03,overcast clouds
398,Lasa,IT,46.6166,10.7002,51.37,98,100,5.48,overcast clouds
399,Hasaki,JP,35.7333,140.8333,63.0,73,6,11.63,clear sky
400,Rio Gallegos,AR,-51.6226,-69.2181,51.62,32,6,17.65,clear sky
401,Disna,BY,55.568,28.1971,45.01,95,100,4.21,overcast clouds
402,Jardim,BR,-21.4803,-56.1381,79.97,63,100,2.01,overcast clouds
403,Leh,IN,34.1667,77.5833,48.15,47,2,6.6,clear sky
404,Puerto Escondido,MX,15.85,-97.0667,83.34,76,26,8.81,scattered clouds
405,Airai,TL,-8.9266,125.4092,60.87,92,100,0.85,overcast clouds
406,Umm Kaddadah,SD,13.6017,26.6876,93.96,26,50,9.19,scattered clouds
407,Bathsheba,BB,13.2167,-59.5167,84.31,72,90,13.44,overcast clouds
408,Mithi,PK,24.7318,69.7981,82.02,67,6,14.32,clear sky
409,Waipawa,NZ,-41.4122,175.5153,47.82,96,100,15.55,overcast clouds
410,Vikulovo,RU,56.8167,70.6107,27.48,83,5,5.84,clear sky
411,Jonkoping,SE,57.7814,14.1562,52.39,93,75,4.61,light rain
412,Chunoyar,RU,57.4467,97.3217,29.8,91,100,4.05,overcast clouds
413,Eirunepe,BR,-6.6603,-69.8736,95.27,34,87,3.58,overcast clouds
414,Krasnyy Profintern,RU,57.7446,40.435,55.42,99,100,0.78,overcast clouds
415,Sosnovo-Ozerskoye,RU,52.5249,111.5418,24.37,70,7,13.15,clear sky
416,Bay Roberts,CA,47.5999,-53.2648,65.34,68,100,11.01,overcast clouds
417,Juneau,US,58.3019,-134.4197,53.22,81,64,7.14,light rain
418,Tupik,RU,54.4253,119.9327,29.37,88,8,7.63,clear sky
419,Vila Praia De Ancora,PT,41.811,-8.8526,64.11,87,100,6.24,overcast clouds
420,Jiangyou,CN,31.7667,104.7167,70.07,86,100,4.12,overcast clouds
421,Baffa,PK,34.4378,73.2194,63.93,80,55,5.68,broken clouds
422,North Augusta,US,33.5018,-81.9651,76.14,60,100,6.91,overcast clouds
423,Rancho Palos Verdes,US,33.7445,-118.387,76.77,68,49,7.0,scattered clouds
424,Chester,US,40.1254,-75.8749,58.73,97,100,12.66,overcast clouds
425,Puerto Leguizamo,CO,-0.1934,-74.7819,81.52,69,100,3.31,overcast clouds
426,Ust-Nera,RU,64.5667,143.2,19.47,96,100,2.48,overcast clouds
427,Helong,CN,42.5397,128.9972,56.86,94,100,3.4,overcast clouds
428,Starodub,RU,52.5844,32.7633,51.31,95,19,7.94,few clouds
429,Hastings,GB,50.8552,0.5729,63.28,86,67,16.42,broken clouds
430,Koungou,YT,-12.7336,45.2042,76.71,73,20,8.05,few clouds
431,Pokosnoye,RU,55.5258,101.0536,25.54,92,95,6.49,overcast clouds
432,Chiang Klang,TH,19.2938,100.8617,73.58,99,100,1.34,overcast clouds
433,Preobrazheniye,RU,42.9019,133.9064,58.12,92,4,13.56,clear sky
434,Grandola,PT,38.1772,-8.5668,66.34,33,75,6.2,broken clouds
435,Half Moon Bay,US,37.4636,-122.4286,72.79,76,100,5.75,mist
436,Ust-Karsk,RU,52.7011,118.8077,31.42,86,64,7.36,broken clouds
437,Gazli,UZ,40.1333,63.45,61.05,16,3,15.14,clear sky
438,Guayaramerin,BO,-10.8368,-65.3614,97.84,27,99,2.91,overcast clouds
439,Cedar City,US,37.6775,-113.0619,69.4,39,20,3.44,few clouds
440,La Serena,CL,-29.9078,-71.2542,60.31,77,40,4.61,scattered clouds
441,Cockburn Town,TC,21.4612,-71.1419,82.9,75,28,19.06,scattered clouds
442,Dalian,CN,38.9122,121.6022,62.53,82,40,11.18,moderate rain
443,San Ignacio,BZ,17.1561,-89.0714,84.29,58,100,4.16,overcast clouds
444,Ryotsu,JP,38.0833,138.4333,67.68,78,100,3.06,overcast clouds
445,Yarmolyntsi,UA,49.1924,26.8373,59.38,83,100,3.62,light rain
446,Waiouru,NZ,-39.4833,175.6667,46.67,98,96,3.13,overcast clouds
447,Kandrian,PG,-6.2167,149.55,75.43,92,80,5.46,broken clouds
448,Saint Anthony,US,45.0205,-93.218,72.14,51,75,13.8,broken clouds
449,Ewa Beach,US,21.3156,-158.0072,83.98,67,8,9.91,clear sky
450,Palana,RU,59.1167,159.9667,35.83,93,100,5.68,light rain
451,Chokurdakh,RU,70.6333,147.9167,22.06,94,100,4.0,overcast clouds
452,Salalah,OM,17.0151,54.0924,78.03,84,40,6.06,scattered clouds
453,Tomigusuku,JP,26.185,127.675,78.57,83,0,2.3,clear sky
454,College,US,64.8569,-147.8028,50.2,85,99,3.87,overcast clouds
455,General Roca,AR,-39.0333,-67.5833,77.94,22,0,9.26,clear sky
456,Marawi,PH,7.9986,124.2928,68.5,95,100,1.54,overcast clouds
457,Inhambane,MZ,-23.865,35.3833,73.38,88,40,11.5,scattered clouds
458,Lucapa,AO,-8.4192,20.7447,68.58,80,89,2.89,light rain
459,Nelson,NZ,-41.2833,173.2833,46.38,93,100,6.8,light rain
460,Matagami,CA,49.7502,-77.6328,46.51,57,40,9.22,scattered clouds
461,Muli,MV,2.9167,73.5667,82.18,76,100,17.56,overcast clouds
462,Puerto Del Rosario,ES,28.5004,-13.8627,73.15,78,75,20.71,broken clouds
463,Gdov,RU,58.7406,27.8122,46.26,79,100,5.57,overcast clouds
464,Port Blair,IN,11.6667,92.75,81.19,81,100,14.99,overcast clouds
465,Mucurapo,TT,10.6667,-61.5333,90.97,63,26,6.96,scattered clouds
466,Sam Phran,TH,13.727,100.2153,76.98,95,99,4.43,light rain
467,Ketchikan,US,55.3422,-131.6461,55.87,94,100,19.57,moderate rain
468,Biloela,AU,-24.4167,150.5,61.93,84,65,2.35,broken clouds
469,Qurayyat,SA,31.3318,37.3428,82.15,31,0,10.98,clear sky
470,Antofagasta,CL,-23.65,-70.4,64.24,62,7,8.43,clear sky
471,Povenets,RU,62.8487,34.8262,43.07,89,92,5.86,overcast clouds
472,Honningsvag,NO,70.9821,25.9704,42.55,70,100,8.05,overcast clouds
473,Wichita Falls,US,33.9137,-98.4934,85.24,20,0,11.5,clear sky
474,Usinsk,RU,65.9939,57.5281,37.47,95,100,18.45,overcast clouds
475,Launceston,AU,-41.45,147.1667,44.24,91,100,4.61,overcast clouds
476,Bredy,RU,52.4153,60.3411,42.53,45,100,6.71,overcast clouds
477,Muros,ES,42.7762,-9.0603,65.16,84,68,1.1,broken clouds
478,Manokwari,ID,-0.8667,134.0833,78.31,74,61,2.19,broken clouds
479,Sioux Lookout,CA,50.1001,-91.917,55.69,56,100,8.14,overcast clouds
480,Sangar,RU,63.9242,127.4739,19.81,89,71,2.06,broken clouds
481,Sabang,ID,5.8933,95.3214,81.25,79,100,16.82,overcast clouds
482,Eyrarbakki,IS,63.863,-21.1481,47.21,92,100,18.99,overcast clouds
483,Channel-Port Aux Basques,CA,47.5702,-59.1367,54.39,81,100,14.7,overcast clouds
484,Talaya,RU,61.3833,152.75,16.03,96,100,3.24,overcast clouds
485,Coquimbo,CL,-29.9533,-71.3436,60.53,77,40,4.61,scattered clouds
486,Kashi,CN,39.4547,75.9797,65.84,27,96,4.68,overcast clouds
487,Sao Jose Do Rio Pardo,BR,-21.5956,-46.8886,79.66,57,51,6.78,broken clouds
488,Oriximina,BR,-1.7656,-55.8661,96.58,36,100,5.17,overcast clouds
489,Quibdo,CO,5.6947,-76.6611,81.41,85,100,3.0,moderate rain
490,Henties Bay,NA,-22.116,14.2845,56.93,87,0,3.42,clear sky
491,Lata,PT,40.1629,-8.3327,69.93,57,71,2.39,broken clouds
492,Larsnes,NO,62.2028,5.5773,53.76,77,23,5.86,few clouds
493,Palauig,PH,15.435,119.9045,79.63,77,7,3.36,clear sky
494,Bam,IR,29.106,58.357,80.15,13,0,6.53,clear sky
495,Namatanai,PG,-3.6667,152.4333,77.77,84,9,7.07,light rain
496,Kabare,CD,-2.4683,28.8242,64.9,85,100,1.97,light rain
497,Rocha,UY,-34.4833,-54.3333,63.37,61,44,8.88,scattered clouds
498,Padang,ID,-0.9492,100.3543,77.04,91,98,2.57,moderate rain
499,Lao Cai,VN,22.4833,103.95,75.51,100,100,0.69,overcast clouds
500,Kahului,US,20.8947,-156.47,84.22,67,40,11.99,scattered clouds
501,Barda,AZ,40.3744,47.1267,69.08,38,0,10.02,clear sky
502,Plettenberg Bay,ZA,-34.0527,23.3716,57.7,83,94,4.03,overcast clouds
503,Sao Filipe,CV,14.8961,-24.4956,79.25,78,20,11.36,few clouds
504,Vila,PT,42.0304,-8.1588,56.7,76,100,1.52,overcast clouds
505,Rosario Oeste,BR,-14.8361,-56.4275,95.86,35,89,6.15,overcast clouds
506,Tautira,PF,-17.7333,-149.15,76.69,71,1,8.61,clear sky
507,San Patricio,US,28.017,-97.5169,88.16,29,0,9.8,clear sky
508,Skibbereen,IE,51.55,-9.2667,59.11,85,100,9.62,overcast clouds
509,Okhotsk,RU,59.3833,143.3,32.92,62,11,11.03,few clouds
510,Bushehr,IR,28.9684,50.8385,86.34,61,0,1.92,clear sky
511,Volkach,DE,49.8667,10.2333,56.01,93,100,14.23,overcast clouds
512,Anadyr,RU,64.75,177.4833,32.0,79,100,12.33,overcast clouds
513,Adelaide,AU,-34.9333,138.6,60.33,65,0,9.22,clear sky
514,Canakkale,TR,40.0833,26.8333,61.38,44,1,2.66,clear sky
515,Beloha,MG,-25.1667,45.05,68.94,81,0,7.58,clear sky
516,Tigzirt,DZ,36.8886,4.1198,68.63,72,14,9.8,few clouds
517,Ust-Ilimsk,RU,58.0006,102.6619,27.14,82,100,4.0,overcast clouds
518,Marystown,CA,47.1666,-55.1483,57.97,71,100,17.34,overcast clouds
519,Northport,US,33.229,-87.5772,80.89,31,0,16.11,clear sky
520,Bindura,ZW,-17.3019,31.3306,70.43,36,4,4.54,clear sky
521,Scottsbluff,US,41.8666,-103.6672,72.79,56,0,0.0,clear sky
522,Portland,US,45.5234,-122.6762,80.83,50,0,19.57,clear sky
523,Kutulik,RU,53.3508,102.7839,26.55,70,37,11.81,scattered clouds
524,Imbituba,BR,-28.24,-48.6703,68.0,73,19,9.26,few clouds
525,Solnechnyy,RU,50.7214,136.6319,37.67,95,14,4.76,few clouds
526,Bambanglipuro,ID,-7.95,110.2833,76.41,90,99,3.78,overcast clouds
527,Sungaipenuh,ID,-2.0833,101.3833,65.57,96,100,1.68,overcast clouds
528,Salinopolis,BR,-0.6136,-47.3561,83.41,70,69,13.58,broken clouds
529,Bourail,NC,-21.5667,165.4833,65.98,75,100,0.78,overcast clouds
530,Trelew,AR,-43.249,-65.3051,63.63,28,11,12.41,few clouds
531,Hami,CN,42.8,93.45,45.1,20,100,15.68,overcast clouds
532,Cap Malheureux,MU,-19.9842,57.6142,70.47,69,14,4.0,few clouds
533,Walvis Bay,NA,-22.9575,14.5053,55.09,84,0,9.78,clear sky
534,Honiara,SB,-9.4333,159.95,77.16,82,71,3.38,broken clouds
535,Zhanaozen,KZ,43.3,52.8,65.68,24,91,12.44,overcast clouds
536,Burgos,ES,42.3394,-3.7079,63.01,42,0,3.44,clear sky
537,Wajima,JP,37.4,136.9,69.35,77,100,5.48,overcast clouds
538,Otautau,NZ,-46.15,168.0,33.57,98,53,2.06,broken clouds
539,Watsa,CD,3.0372,29.5355,64.72,96,92,2.13,light rain
540,Yerbogachen,RU,61.2767,108.0108,25.61,81,89,4.21,overcast clouds
541,The Valley,AI,18.217,-63.0578,87.66,84,20,9.22,few clouds
542,Shenjiamen,CN,29.9576,122.298,77.4,89,5,20.15,clear sky
543,Saint-Denis,FR,48.9167,2.3333,65.17,66,0,11.5,clear sky
544,Pringsewu,ID,-5.3582,104.9744,75.54,93,100,1.74,overcast clouds
545,Kuytun,RU,54.3419,101.5036,27.07,88,100,10.4,light snow
546,Havelock,US,34.8791,-76.9013,77.05,73,0,4.0,clear sky
547,Rio Grande,BR,-32.035,-52.0986,62.71,79,17,13.09,few clouds
548,Guaruja,BR,-23.9931,-46.2564,74.89,26,43,5.99,scattered clouds
549,Ndele,CF,8.4109,20.6473,73.18,91,40,0.56,light rain
550,Verkhnetulomskiy,RU,68.6073,31.7962,33.93,97,100,4.43,overcast clouds
551,La Ronge,CA,55.1001,-105.2842,57.76,57,3,6.11,clear sky
552,Mkushi,ZM,-13.6202,29.3939,70.43,28,0,5.82,clear sky
553,Nautla,MX,20.2167,-96.7833,81.86,59,27,8.39,scattered clouds
554,Maceio,BR,-9.6658,-35.7353,81.84,61,20,12.66,few clouds
555,Sinnamary,GF,5.3833,-52.95,84.88,69,14,11.68,few clouds
556,Yuryevets,RU,57.3201,43.1041,55.27,98,100,11.95,overcast clouds
557,Firovo,RU,57.4814,33.7021,44.8,97,100,8.99,light rain
558,Sao Miguel Do Araguaia,BR,-13.275,-50.1628,102.88,16,11,6.46,few clouds
559,Kalmanka,RU,52.8992,83.5433,27.52,89,31,4.16,scattered clouds
560,Kindu,CD,-2.95,25.95,73.99,77,30,2.24,scattered clouds
561,Pangnirtung,CA,66.1451,-65.7125,35.2,48,79,2.57,broken clouds
562,Zhangye,CN,38.9342,100.4517,54.46,27,100,8.72,overcast clouds
563,Halifax,CA,44.6453,-63.5724,65.7,66,100,1.99,overcast clouds
564,Krutinka,RU,56.0055,71.5113,29.97,77,0,4.63,clear sky
565,Salto,UY,-31.3833,-57.9667,71.87,46,1,4.0,clear sky
566,Matadi,CD,-5.8167,13.45,81.88,71,99,9.22,overcast clouds
567,Carballo,ES,43.213,-8.691,65.89,90,25,2.75,scattered clouds
568,Wanaka,NZ,-44.7,169.15,36.1,85,98,1.01,overcast clouds
569,Saint-Augustin,CA,51.226,-58.6502,51.67,33,5,17.02,clear sky
570,Los Llanos De Aridane,ES,28.6585,-17.9182,69.55,77,75,13.8,broken clouds
571,Ust-Maya,RU,60.4167,134.5333,21.25,84,100,2.1,overcast clouds
572,Fort Nelson,CA,58.8053,-122.7002,59.22,55,100,3.11,overcast clouds
573,Kharp,RU,66.8014,65.8081,29.7,74,100,4.38,overcast clouds
574,Liverpool,GB,53.4106,-2.9779,57.81,82,40,9.22,scattered clouds
575,Orlik,RU,52.5178,99.825,19.35,76,99,4.5,overcast clouds
576,Klyuchevskiy,RU,53.5317,119.4519,28.11,92,6,5.17,clear sky
577,Sibolga,ID,1.7427,98.7792,76.12,93,100,2.42,overcast clouds
578,Bacungan,PH,9.9106,118.7022,78.6,82,96,2.59,overcast clouds
579,Zyryanka,RU,65.75,150.85,25.81,93,99,9.17,overcast clouds
580,Champerico,GT,14.3,-91.9167,83.84,69,22,5.1,few clouds
581,Yenagoa,NG,4.9247,6.2642,75.18,94,100,3.98,light rain
582,Antalaha,MG,-14.9003,50.2788,65.97,80,1,7.61,clear sky
583,Bismarck,US,46.8083,-100.7837,71.44,45,20,18.41,few clouds
584,Nuevo Progreso,MX,23.1667,-97.95,88.54,58,0,6.6,clear sky
585,Port Hedland,AU,-20.3167,118.5667,73.45,78,0,10.36,clear sky
586,Jalapa,MX,19.5333,-96.9167,70.48,54,15,5.68,few clouds
587,Riverton,US,40.5219,-111.9391,69.04,42,0,4.0,clear sky
588,Asau,RO,46.4333,26.4,67.28,65,100,4.97,overcast clouds
589,Jiuquan,CN,39.7432,98.5174,48.42,24,100,10.56,overcast clouds
590,Sampit,ID,-2.5333,112.95,74.17,98,91,0.67,overcast clouds
591,Lunavada,IN,23.1333,73.6167,78.51,67,0,4.9,clear sky
592,Todos Santos,MX,23.45,-110.2167,92.3,77,4,9.51,clear sky
593,Tual,ID,-5.6667,132.75,82.49,76,100,5.86,overcast clouds
594,Pacific Grove,US,36.6177,-121.9166,63.66,85,100,10.0,overcast clouds
595,Beira,MZ,-19.8436,34.8389,73.49,88,20,6.91,few clouds
596,Maningrida,AU,-12.0667,134.2667,77.31,84,77,5.97,light rain
597,Quatre Cocos,MU,-20.2078,57.7625,71.71,67,82,14.79,broken clouds
598,Kropotkin,RU,45.4375,40.5756,71.29,49,73,2.46,broken clouds
599,Vysokogornyy,RU,50.1167,139.15,30.07,92,10,1.99,clear sky
600,Marienburg,PL,54.0359,19.0266,54.88,76,100,11.74,light rain
601,Shingu,JP,33.7333,135.9833,66.83,79,1,4.63,clear sky
602,Landeck,AT,47.1301,10.5636,46.62,98,100,3.89,light rain
603,Mackay,AU,-21.15,149.2,64.69,75,100,3.76,overcast clouds
604,Xihe,CN,31.6864,113.4659,82.06,51,5,9.66,clear sky
605,Newport,GB,51.5877,-2.9984,61.63,81,95,16.73,overcast clouds
606,Pierre,US,44.3683,-100.351,77.92,36,0,11.5,clear sky
607,Manzhouli,CN,49.6,117.4333,35.91,57,41,19.28,scattered clouds
608,Margate,GB,51.3813,1.3862,60.69,77,100,1.99,overcast clouds
609,Omboue,GA,-1.5746,9.2618,75.18,90,100,5.01,overcast clouds
610,Toktogul,KG,41.8708,72.9402,56.52,58,37,3.15,scattered clouds
611,Doha,QA,25.2867,51.5333,91.38,52,0,4.61,clear sky
612,Xining,CN,36.6167,101.7667,54.57,48,7,2.15,clear sky
613,Dalvik,IS,65.9702,-18.5286,45.19,97,100,2.44,overcast clouds
614,Xuanhua,CN,40.6103,115.0447,61.66,81,76,3.87,broken clouds
615,Lethem,GY,3.3803,-59.7968,88.52,55,100,3.02,overcast clouds
616,Puerto Narino,CO,-3.7703,-70.3831,92.1,43,82,4.61,broken clouds
617,Santa Cruz,BO,-17.8,-63.1667,87.85,37,20,4.61,few clouds
618,Saint-Jean-Port-Joli,CA,47.2171,-70.2658,60.87,80,100,13.42,overcast clouds
619,Laureles,US,26.1092,-97.4941,87.84,55,40,3.0,scattered clouds
620,Maldonado,UY,-34.6667,-54.9167,63.79,62,76,9.24,broken clouds
621,Belyy Yar,RU,53.6039,91.3903,31.89,81,40,2.24,light shower snow
622,Mbanza-Ngungu,CD,-5.25,14.8667,74.86,72,100,7.65,overcast clouds
623,San Jose,US,37.3394,-121.895,74.91,67,20,4.61,few clouds
624,Port Moresby,PG,-9.4431,147.1797,76.21,89,43,2.91,scattered clouds
625,Miramar,US,25.9873,-80.2323,86.0,71,100,12.66,overcast clouds
626,Surt,LY,31.2089,16.5887,82.47,74,0,13.76,clear sky
627,Ostrovnoy,RU,68.0531,39.5131,36.52,97,100,10.42,light rain
628,Worthington,US,40.0931,-83.018,66.25,59,0,17.27,clear sky
629,Beian,NO,63.6559,9.5683,57.0,82,75,5.75,broken clouds
630,Melenki,RU,55.3343,41.6295,57.76,97,100,6.49,overcast clouds
631,Verkhnevilyuysk,RU,63.4453,120.3167,23.47,85,93,3.11,overcast clouds
632,Fukue,JP,32.6881,128.8419,73.38,64,0,3.85,clear sky
633,Mantua,IT,45.1667,10.7833,65.44,83,9,1.99,clear sky
634,Amapa,BR,1.0,-52.0,97.21,28,32,4.38,scattered clouds
635,Nurota,UZ,40.5614,65.6886,53.49,24,0,9.04,clear sky
636,Along,IN,28.1667,94.7667,71.26,91,12,2.04,few clouds
637,Kaeo,NZ,-35.1,173.7833,62.33,97,90,6.55,overcast clouds
638,Saint-Louis,SN,16.3333,-15.0,94.06,26,58,4.97,broken clouds
639,Dera Bugti,PK,29.0307,69.151,83.43,34,0,4.41,clear sky
640,Moskovskiy,RU,55.5991,37.355,58.78,91,75,8.99,thunderstorm with light rain
641,Quincy,US,42.2529,-71.0023,58.57,84,100,12.66,overcast clouds
642,Bulls,NZ,-40.1667,175.3833,55.45,98,100,9.6,light rain
643,Luderitz,NA,-26.6481,15.1594,59.59,77,0,10.27,clear sky
644,Kutum,SD,14.2,24.6667,85.69,19,60,6.98,broken clouds
645,Bosaso,SO,11.2842,49.1816,86.11,61,11,2.91,few clouds
646,Abu Kamal,SY,34.4506,40.9171,83.84,17,0,7.9,clear sky
647,Ucluelet,CA,48.9329,-125.5528,64.09,84,2,1.01,clear sky
648,Gamba,GA,-2.65,10.0,75.42,90,100,6.58,light rain
649,Madison,US,34.7334,-86.5667,78.94,41,0,11.5,clear sky
650,Luwuk,ID,-0.9516,122.7875,76.77,87,100,1.28,overcast clouds
651,Sovetskiy,RU,61.3614,63.5842,31.62,73,100,8.03,overcast clouds
652,Kirakira,SB,-10.4544,161.9205,78.03,83,91,4.79,overcast clouds
653,Srandakan,ID,-7.9386,110.2506,76.53,90,100,3.78,overcast clouds
654,Udachnyy,RU,66.4167,112.4,19.4,97,98,4.36,overcast clouds
655,Harper,LR,4.375,-7.7169,76.1,89,96,9.66,light rain
656,Qianan,CN,44.9932,124.0581,52.48,82,68,6.35,broken clouds
657,Tazovskiy,RU,67.4667,78.7,30.27,73,100,11.95,overcast clouds
658,Erenhot,CN,43.6475,111.9767,60.51,48,12,6.58,few clouds
659,Toamasina,MG,-18.1667,49.3833,67.62,81,0,1.41,clear sky
660,Biak,ID,-0.9131,122.8766,75.63,85,100,0.69,overcast clouds
661,Aswan,EG,24.0934,32.907,92.44,16,0,13.6,clear sky
662,Waspan,NI,14.7419,-83.9717,82.56,79,100,7.99,overcast clouds
663,Gumrak,RU,48.7826,44.3824,62.51,77,0,8.99,clear sky
664,Duku,NG,11.2361,4.9073,77.04,81,81,3.49,broken clouds
665,Itarema,BR,-2.9248,-39.9167,83.05,60,49,19.33,scattered clouds
666,Porto Santo,PT,33.072,-16.3415,71.98,68,40,14.97,scattered clouds
667,Satipo,PE,-11.2522,-74.6386,88.48,41,82,3.2,broken clouds
668,Port Lavaca,US,28.615,-96.6261,86.05,31,0,6.91,clear sky
669,Carman,CA,49.4992,-98.0016,63.88,52,100,9.62,overcast clouds
670,Simbahan,PH,6.3032,120.5836,82.99,72,12,2.24,few clouds
671,Bardiyah,LY,31.7561,25.0865,81.95,60,0,2.8,clear sky
672,Flinders,AU,-34.5833,150.8552,51.19,92,43,3.0,scattered clouds
673,Elizabeth City,US,36.2946,-76.2511,78.82,66,0,11.5,clear sky
674,Kendari,ID,-3.945,122.4989,75.52,91,100,1.48,overcast clouds
675,Whyalla,AU,-33.0333,137.5833,58.17,63,100,4.9,overcast clouds
676,Hvide Sande,DK,56.0045,8.1294,52.09,82,6,19.98,clear sky
677,Batagay-Alyta,RU,67.8006,130.4114,8.35,88,87,4.63,overcast clouds
678,Plouzane,FR,48.3833,-4.6167,62.78,97,100,17.27,light intensity drizzle
679,Fare,PF,-16.7,-151.0167,77.9,69,5,9.28,clear sky
680,Ulaanbaatar,MN,47.9077,106.8832,30.33,69,40,8.95,light snow
681,Inta,RU,66.0317,60.1659,37.83,92,100,10.29,overcast clouds
682,Sola,VU,-13.8833,167.55,79.75,77,17,10.02,few clouds
683,Alekseyevka,RU,50.6309,38.6903,63.39,77,100,8.77,overcast clouds
684,Mbour,SN,14.422,-16.9638,83.25,74,18,14.18,few clouds
685,Kulunda,RU,52.566,78.9385,33.17,61,54,3.49,broken clouds
686,Gawler,AU,-34.6,138.7333,59.47,73,38,7.49,scattered clouds
687,Otavi,NA,-19.65,17.3333,80.83,15,2,8.41,clear sky
688,Bontang,ID,0.1333,117.5,78.42,85,100,0.63,overcast clouds
689,Felsoszentivan,HU,46.1971,19.1869,61.25,89,100,7.56,overcast clouds
690,Nueva Rosita,MX,27.95,-101.2167,85.6,36,0,12.15,clear sky
691,Sur,OM,22.5667,59.5289,81.45,76,5,14.54,clear sky
692,Otorohanga,NZ,-38.1833,175.2,59.18,99,100,2.13,overcast clouds
693,Abapo,BO,-18.8333,-63.4667,85.64,27,37,8.55,scattered clouds
694,Kuusamo,FI,65.9667,29.1833,37.44,81,100,4.61,overcast clouds
695,Milton,US,34.1322,-84.3007,78.06,56,0,3.0,clear sky
696,Miri,MY,4.4148,114.0089,78.66,90,100,3.51,overcast clouds
697,Richards Bay,ZA,-28.783,32.0377,70.36,82,100,14.85,overcast clouds
698,Dolinsk,RU,47.35,142.8,46.74,82,89,5.26,overcast clouds
699,Ramanuj Ganj,IN,23.8,83.7,74.16,77,84,2.08,broken clouds
700,Pyinmana,MM,19.7333,96.2167,74.55,97,100,3.04,overcast clouds
701,Mokhsogollokh,RU,61.4681,128.9203,22.03,73,100,4.81,overcast clouds
